EAN,Jomashop,FragranceX,FragranceNet,Maxaroma,Walmart,Amazon,Sephora,Nordstrom,Macy's,Ulta Beauty,BeautyTheShop,50-ml.com,Maple Prime,Luxe Fora,Fandi Perfume,Paris Gallery,Elegance Style,V Perfumes UAE,Alluring Auras,Eshtir.com
701666410164,https://www.jomashop.com/?s=701666410164,https://www.fragrancex.com/?s=701666410164,https://www.fragrancenet.com/?s=701666410164,https://www.maxaroma.com/?s=701666410164,https://www.walmart.com/search/?query=701666410164,https://www.amazon.com/s?k=701666410164,https://www.sephora.com/search?q=701666410164,https://www.nordstrom.com/shop/search?q=701666410164,https://www.macys.com/shop/search?q=701666410164,https://www.ulta.com/search?keyword=701666410164,https://www.beautytheshop.com/?s=701666410164,https://50-ml.com/?s=701666410164,https://mapleprime.com/?s=701666410164,https://luxefora.com/?s=701666410164,https://fandi-perfume.com/?s=701666410164,https://parisgallery.ae/?s=701666410164,https://elegancestyle.ae/?s=701666410164,https://www.vperfumes.com/?s=701666410164,https://www.alluringauras.com/?s=701666410164,https://www.eshtir.com/?s=701666410164
3770006409028,https://www.jomashop.com/?s=3770006409028,https://www.fragrancex.com/?s=3770006409028,https://www.fragrancenet.com/?s=3770006409028,https://www.maxaroma.com/?s=3770006409028,https://www.walmart.com/search/?query=3770006409028,https://www.amazon.com/s?k=3770006409028,https://www.sephora.com/search?q=3770006409028,https://www.nordstrom.com/shop/search?q=3770006409028,https://www.macys.com/shop/search?q=3770006409028,https://www.ulta.com/search?keyword=3770006409028,https://www.beautytheshop.com/?s=3770006409028,https://50-ml.com/?s=3770006409028,https://mapleprime.com/?s=3770006409028,https://luxefora.com/?s=3770006409028,https://fandi-perfume.com/?s=3770006409028,https://parisgallery.ae/?s=3770006409028,https://elegancestyle.ae/?s=3770006409028,https://www.vperfumes.com/?s=3770006409028,https://www.alluringauras.com/?s=3770006409028,https://www.eshtir.com/?s=3770006409028
3614225621932,https://www.jomashop.com/?s=3614225621932,https://www.fragrancex.com/?s=3614225621932,https://www.fragrancenet.com/?s=3614225621932,https://www.maxaroma.com/?s=3614225621932,https://www.walmart.com/search/?query=3614225621932,https://www.amazon.com/s?k=3614225621932,https://www.sephora.com/search?q=3614225621932,https://www.nordstrom.com/shop/search?q=3614225621932,https://www.macys.com/shop/search?q=3614225621932,https://www.ulta.com/search?keyword=3614225621932,https://www.beautytheshop.com/?s=3614225621932,https://50-ml.com/?s=3614225621932,https://mapleprime.com/?s=3614225621932,https://luxefora.com/?s=3614225621932,https://fandi-perfume.com/?s=3614225621932,https://parisgallery.ae/?s=3614225621932,https://elegancestyle.ae/?s=3614225621932,https://www.vperfumes.com/?s=3614225621932,https://www.alluringauras.com/?s=3614225621932,https://www.eshtir.com/?s=3614225621932
3614222442875,https://www.jomashop.com/?s=3614222442875,https://www.fragrancex.com/?s=3614222442875,https://www.fragrancenet.com/?s=3614222442875,https://www.maxaroma.com/?s=3614222442875,https://www.walmart.com/search/?query=3614222442875,https://www.amazon.com/s?k=3614222442875,https://www.sephora.com/search?q=3614222442875,https://www.nordstrom.com/shop/search?q=3614222442875,https://www.macys.com/shop/search?q=3614222442875,https://www.ulta.com/search?keyword=3614222442875,https://www.beautytheshop.com/?s=3614222442875,https://50-ml.com/?s=3614222442875,https://mapleprime.com/?s=3614222442875,https://luxefora.com/?s=3614222442875,https://fandi-perfume.com/?s=3614222442875,https://parisgallery.ae/?s=3614222442875,https://elegancestyle.ae/?s=3614222442875,https://www.vperfumes.com/?s=3614222442875,https://www.alluringauras.com/?s=3614222442875,https://www.eshtir.com/?s=3614222442875
3607342250826,https://www.jomashop.com/?s=3607342250826,https://www.fragrancex.com/?s=3607342250826,https://www.fragrancenet.com/?s=3607342250826,https://www.maxaroma.com/?s=3607342250826,https://www.walmart.com/search/?query=3607342250826,https://www.amazon.com/s?k=3607342250826,https://www.sephora.com/search?q=3607342250826,https://www.nordstrom.com/shop/search?q=3607342250826,https://www.macys.com/shop/search?q=3607342250826,https://www.ulta.com/search?keyword=3607342250826,https://www.beautytheshop.com/?s=3607342250826,https://50-ml.com/?s=3607342250826,https://mapleprime.com/?s=3607342250826,https://luxefora.com/?s=3607342250826,https://fandi-perfume.com/?s=3607342250826,https://parisgallery.ae/?s=3607342250826,https://elegancestyle.ae/?s=3607342250826,https://www.vperfumes.com/?s=3607342250826,https://www.alluringauras.com/?s=3607342250826,https://www.eshtir.com/?s=3607342250826
3607342250826,https://www.jomashop.com/?s=3607342250826,https://www.fragrancex.com/?s=3607342250826,https://www.fragrancenet.com/?s=3607342250826,https://www.maxaroma.com/?s=3607342250826,https://www.walmart.com/search/?query=3607342250826,https://www.amazon.com/s?k=3607342250826,https://www.sephora.com/search?q=3607342250826,https://www.nordstrom.com/shop/search?q=3607342250826,https://www.macys.com/shop/search?q=3607342250826,https://www.ulta.com/search?keyword=3607342250826,https://www.beautytheshop.com/?s=3607342250826,https://50-ml.com/?s=3607342250826,https://mapleprime.com/?s=3607342250826,https://luxefora.com/?s=3607342250826,https://fandi-perfume.com/?s=3607342250826,https://parisgallery.ae/?s=3607342250826,https://elegancestyle.ae/?s=3607342250826,https://www.vperfumes.com/?s=3607342250826,https://www.alluringauras.com/?s=3607342250826,https://www.eshtir.com/?s=3607342250826
7340032806199,https://www.jomashop.com/?s=7340032806199,https://www.fragrancex.com/?s=7340032806199,https://www.fragrancenet.com/?s=7340032806199,https://www.maxaroma.com/?s=7340032806199,https://www.walmart.com/search/?query=7340032806199,https://www.amazon.com/s?k=7340032806199,https://www.sephora.com/search?q=7340032806199,https://www.nordstrom.com/shop/search?q=7340032806199,https://www.macys.com/shop/search?q=7340032806199,https://www.ulta.com/search?keyword=7340032806199,https://www.beautytheshop.com/?s=7340032806199,https://50-ml.com/?s=7340032806199,https://mapleprime.com/?s=7340032806199,https://luxefora.com/?s=7340032806199,https://fandi-perfume.com/?s=7340032806199,https://parisgallery.ae/?s=7340032806199,https://elegancestyle.ae/?s=7340032806199,https://www.vperfumes.com/?s=7340032806199,https://www.alluringauras.com/?s=7340032806199,https://www.eshtir.com/?s=7340032806199
7340032806168,https://www.jomashop.com/?s=7340032806168,https://www.fragrancex.com/?s=7340032806168,https://www.fragrancenet.com/?s=7340032806168,https://www.maxaroma.com/?s=7340032806168,https://www.walmart.com/search/?query=7340032806168,https://www.amazon.com/s?k=7340032806168,https://www.sephora.com/search?q=7340032806168,https://www.nordstrom.com/shop/search?q=7340032806168,https://www.macys.com/shop/search?q=7340032806168,https://www.ulta.com/search?keyword=7340032806168,https://www.beautytheshop.com/?s=7340032806168,https://50-ml.com/?s=7340032806168,https://mapleprime.com/?s=7340032806168,https://luxefora.com/?s=7340032806168,https://fandi-perfume.com/?s=7340032806168,https://parisgallery.ae/?s=7340032806168,https://elegancestyle.ae/?s=7340032806168,https://www.vperfumes.com/?s=7340032806168,https://www.alluringauras.com/?s=7340032806168,https://www.eshtir.com/?s=7340032806168
7340032810745,https://www.jomashop.com/?s=7340032810745,https://www.fragrancex.com/?s=7340032810745,https://www.fragrancenet.com/?s=7340032810745,https://www.maxaroma.com/?s=7340032810745,https://www.walmart.com/search/?query=7340032810745,https://www.amazon.com/s?k=7340032810745,https://www.sephora.com/search?q=7340032810745,https://www.nordstrom.com/shop/search?q=7340032810745,https://www.macys.com/shop/search?q=7340032810745,https://www.ulta.com/search?keyword=7340032810745,https://www.beautytheshop.com/?s=7340032810745,https://50-ml.com/?s=7340032810745,https://mapleprime.com/?s=7340032810745,https://luxefora.com/?s=7340032810745,https://fandi-perfume.com/?s=7340032810745,https://parisgallery.ae/?s=7340032810745,https://elegancestyle.ae/?s=7340032810745,https://www.vperfumes.com/?s=7340032810745,https://www.alluringauras.com/?s=7340032810745,https://www.eshtir.com/?s=7340032810745
7340032833041,https://www.jomashop.com/?s=7340032833041,https://www.fragrancex.com/?s=7340032833041,https://www.fragrancenet.com/?s=7340032833041,https://www.maxaroma.com/?s=7340032833041,https://www.walmart.com/search/?query=7340032833041,https://www.amazon.com/s?k=7340032833041,https://www.sephora.com/search?q=7340032833041,https://www.nordstrom.com/shop/search?q=7340032833041,https://www.macys.com/shop/search?q=7340032833041,https://www.ulta.com/search?keyword=7340032833041,https://www.beautytheshop.com/?s=7340032833041,https://50-ml.com/?s=7340032833041,https://mapleprime.com/?s=7340032833041,https://luxefora.com/?s=7340032833041,https://fandi-perfume.com/?s=7340032833041,https://parisgallery.ae/?s=7340032833041,https://elegancestyle.ae/?s=7340032833041,https://www.vperfumes.com/?s=7340032833041,https://www.alluringauras.com/?s=7340032833041,https://www.eshtir.com/?s=7340032833041
8411061995754,https://www.jomashop.com/?s=8411061995754,https://www.fragrancex.com/?s=8411061995754,https://www.fragrancenet.com/?s=8411061995754,https://www.maxaroma.com/?s=8411061995754,https://www.walmart.com/search/?query=8411061995754,https://www.amazon.com/s?k=8411061995754,https://www.sephora.com/search?q=8411061995754,https://www.nordstrom.com/shop/search?q=8411061995754,https://www.macys.com/shop/search?q=8411061995754,https://www.ulta.com/search?keyword=8411061995754,https://www.beautytheshop.com/?s=8411061995754,https://50-ml.com/?s=8411061995754,https://mapleprime.com/?s=8411061995754,https://luxefora.com/?s=8411061995754,https://fandi-perfume.com/?s=8411061995754,https://parisgallery.ae/?s=8411061995754,https://elegancestyle.ae/?s=8411061995754,https://www.vperfumes.com/?s=8411061995754,https://www.alluringauras.com/?s=8411061995754,https://www.eshtir.com/?s=8411061995754
8411061926062,https://www.jomashop.com/?s=8411061926062,https://www.fragrancex.com/?s=8411061926062,https://www.fragrancenet.com/?s=8411061926062,https://www.maxaroma.com/?s=8411061926062,https://www.walmart.com/search/?query=8411061926062,https://www.amazon.com/s?k=8411061926062,https://www.sephora.com/search?q=8411061926062,https://www.nordstrom.com/shop/search?q=8411061926062,https://www.macys.com/shop/search?q=8411061926062,https://www.ulta.com/search?keyword=8411061926062,https://www.beautytheshop.com/?s=8411061926062,https://50-ml.com/?s=8411061926062,https://mapleprime.com/?s=8411061926062,https://luxefora.com/?s=8411061926062,https://fandi-perfume.com/?s=8411061926062,https://parisgallery.ae/?s=8411061926062,https://elegancestyle.ae/?s=8411061926062,https://www.vperfumes.com/?s=8411061926062,https://www.alluringauras.com/?s=8411061926062,https://www.eshtir.com/?s=8411061926062
8411061056691,https://www.jomashop.com/?s=8411061056691,https://www.fragrancex.com/?s=8411061056691,https://www.fragrancenet.com/?s=8411061056691,https://www.maxaroma.com/?s=8411061056691,https://www.walmart.com/search/?query=8411061056691,https://www.amazon.com/s?k=8411061056691,https://www.sephora.com/search?q=8411061056691,https://www.nordstrom.com/shop/search?q=8411061056691,https://www.macys.com/shop/search?q=8411061056691,https://www.ulta.com/search?keyword=8411061056691,https://www.beautytheshop.com/?s=8411061056691,https://50-ml.com/?s=8411061056691,https://mapleprime.com/?s=8411061056691,https://luxefora.com/?s=8411061056691,https://fandi-perfume.com/?s=8411061056691,https://parisgallery.ae/?s=8411061056691,https://elegancestyle.ae/?s=8411061056691,https://www.vperfumes.com/?s=8411061056691,https://www.alluringauras.com/?s=8411061056691,https://www.eshtir.com/?s=8411061056691
8033488153557,https://www.jomashop.com/?s=8033488153557,https://www.fragrancex.com/?s=8033488153557,https://www.fragrancenet.com/?s=8033488153557,https://www.maxaroma.com/?s=8033488153557,https://www.walmart.com/search/?query=8033488153557,https://www.amazon.com/s?k=8033488153557,https://www.sephora.com/search?q=8033488153557,https://www.nordstrom.com/shop/search?q=8033488153557,https://www.macys.com/shop/search?q=8033488153557,https://www.ulta.com/search?keyword=8033488153557,https://www.beautytheshop.com/?s=8033488153557,https://50-ml.com/?s=8033488153557,https://mapleprime.com/?s=8033488153557,https://luxefora.com/?s=8033488153557,https://fandi-perfume.com/?s=8033488153557,https://parisgallery.ae/?s=8033488153557,https://elegancestyle.ae/?s=8033488153557,https://www.vperfumes.com/?s=8033488153557,https://www.alluringauras.com/?s=8033488153557,https://www.eshtir.com/?s=8033488153557
8033488154158,https://www.jomashop.com/?s=8033488154158,https://www.fragrancex.com/?s=8033488154158,https://www.fragrancenet.com/?s=8033488154158,https://www.maxaroma.com/?s=8033488154158,https://www.walmart.com/search/?query=8033488154158,https://www.amazon.com/s?k=8033488154158,https://www.sephora.com/search?q=8033488154158,https://www.nordstrom.com/shop/search?q=8033488154158,https://www.macys.com/shop/search?q=8033488154158,https://www.ulta.com/search?keyword=8033488154158,https://www.beautytheshop.com/?s=8033488154158,https://50-ml.com/?s=8033488154158,https://mapleprime.com/?s=8033488154158,https://luxefora.com/?s=8033488154158,https://fandi-perfume.com/?s=8033488154158,https://parisgallery.ae/?s=8033488154158,https://elegancestyle.ae/?s=8033488154158,https://www.vperfumes.com/?s=8033488154158,https://www.alluringauras.com/?s=8033488154158,https://www.eshtir.com/?s=8033488154158
652638010168,https://www.jomashop.com/?s=652638010168,https://www.fragrancex.com/?s=652638010168,https://www.fragrancenet.com/?s=652638010168,https://www.maxaroma.com/?s=652638010168,https://www.walmart.com/search/?query=652638010168,https://www.amazon.com/s?k=652638010168,https://www.sephora.com/search?q=652638010168,https://www.nordstrom.com/shop/search?q=652638010168,https://www.macys.com/shop/search?q=652638010168,https://www.ulta.com/search?keyword=652638010168,https://www.beautytheshop.com/?s=652638010168,https://50-ml.com/?s=652638010168,https://mapleprime.com/?s=652638010168,https://luxefora.com/?s=652638010168,https://fandi-perfume.com/?s=652638010168,https://parisgallery.ae/?s=652638010168,https://elegancestyle.ae/?s=652638010168,https://www.vperfumes.com/?s=652638010168,https://www.alluringauras.com/?s=652638010168,https://www.eshtir.com/?s=652638010168
3274872474666,https://www.jomashop.com/?s=3274872474666,https://www.fragrancex.com/?s=3274872474666,https://www.fragrancenet.com/?s=3274872474666,https://www.maxaroma.com/?s=3274872474666,https://www.walmart.com/search/?query=3274872474666,https://www.amazon.com/s?k=3274872474666,https://www.sephora.com/search?q=3274872474666,https://www.nordstrom.com/shop/search?q=3274872474666,https://www.macys.com/shop/search?q=3274872474666,https://www.ulta.com/search?keyword=3274872474666,https://www.beautytheshop.com/?s=3274872474666,https://50-ml.com/?s=3274872474666,https://mapleprime.com/?s=3274872474666,https://luxefora.com/?s=3274872474666,https://fandi-perfume.com/?s=3274872474666,https://parisgallery.ae/?s=3274872474666,https://elegancestyle.ae/?s=3274872474666,https://www.vperfumes.com/?s=3274872474666,https://www.alluringauras.com/?s=3274872474666,https://www.eshtir.com/?s=3274872474666
3701123004957,https://www.jomashop.com/?s=3701123004957,https://www.fragrancex.com/?s=3701123004957,https://www.fragrancenet.com/?s=3701123004957,https://www.maxaroma.com/?s=3701123004957,https://www.walmart.com/search/?query=3701123004957,https://www.amazon.com/s?k=3701123004957,https://www.sephora.com/search?q=3701123004957,https://www.nordstrom.com/shop/search?q=3701123004957,https://www.macys.com/shop/search?q=3701123004957,https://www.ulta.com/search?keyword=3701123004957,https://www.beautytheshop.com/?s=3701123004957,https://50-ml.com/?s=3701123004957,https://mapleprime.com/?s=3701123004957,https://luxefora.com/?s=3701123004957,https://fandi-perfume.com/?s=3701123004957,https://parisgallery.ae/?s=3701123004957,https://elegancestyle.ae/?s=3701123004957,https://www.vperfumes.com/?s=3701123004957,https://www.alluringauras.com/?s=3701123004957,https://www.eshtir.com/?s=3701123004957
8052204136254,https://www.jomashop.com/?s=8052204136254,https://www.fragrancex.com/?s=8052204136254,https://www.fragrancenet.com/?s=8052204136254,https://www.maxaroma.com/?s=8052204136254,https://www.walmart.com/search/?query=8052204136254,https://www.amazon.com/s?k=8052204136254,https://www.sephora.com/search?q=8052204136254,https://www.nordstrom.com/shop/search?q=8052204136254,https://www.macys.com/shop/search?q=8052204136254,https://www.ulta.com/search?keyword=8052204136254,https://www.beautytheshop.com/?s=8052204136254,https://50-ml.com/?s=8052204136254,https://mapleprime.com/?s=8052204136254,https://luxefora.com/?s=8052204136254,https://fandi-perfume.com/?s=8052204136254,https://parisgallery.ae/?s=8052204136254,https://elegancestyle.ae/?s=8052204136254,https://www.vperfumes.com/?s=8052204136254,https://www.alluringauras.com/?s=8052204136254,https://www.eshtir.com/?s=8052204136254
3003720011131,https://www.jomashop.com/?s=3003720011131,https://www.fragrancex.com/?s=3003720011131,https://www.fragrancenet.com/?s=3003720011131,https://www.maxaroma.com/?s=3003720011131,https://www.walmart.com/search/?query=3003720011131,https://www.amazon.com/s?k=3003720011131,https://www.sephora.com/search?q=3003720011131,https://www.nordstrom.com/shop/search?q=3003720011131,https://www.macys.com/shop/search?q=3003720011131,https://www.ulta.com/search?keyword=3003720011131,https://www.beautytheshop.com/?s=3003720011131,https://50-ml.com/?s=3003720011131,https://mapleprime.com/?s=3003720011131,https://luxefora.com/?s=3003720011131,https://fandi-perfume.com/?s=3003720011131,https://parisgallery.ae/?s=3003720011131,https://elegancestyle.ae/?s=3003720011131,https://www.vperfumes.com/?s=3003720011131,https://www.alluringauras.com/?s=3003720011131,https://www.eshtir.com/?s=3003720011131
3770014573179,https://www.jomashop.com/?s=3770014573179,https://www.fragrancex.com/?s=3770014573179,https://www.fragrancenet.com/?s=3770014573179,https://www.maxaroma.com/?s=3770014573179,https://www.walmart.com/search/?query=3770014573179,https://www.amazon.com/s?k=3770014573179,https://www.sephora.com/search?q=3770014573179,https://www.nordstrom.com/shop/search?q=3770014573179,https://www.macys.com/shop/search?q=3770014573179,https://www.ulta.com/search?keyword=3770014573179,https://www.beautytheshop.com/?s=3770014573179,https://50-ml.com/?s=3770014573179,https://mapleprime.com/?s=3770014573179,https://luxefora.com/?s=3770014573179,https://fandi-perfume.com/?s=3770014573179,https://parisgallery.ae/?s=3770014573179,https://elegancestyle.ae/?s=3770014573179,https://www.vperfumes.com/?s=3770014573179,https://www.alluringauras.com/?s=3770014573179,https://www.eshtir.com/?s=3770014573179
3770014573209,https://www.jomashop.com/?s=3770014573209,https://www.fragrancex.com/?s=3770014573209,https://www.fragrancenet.com/?s=3770014573209,https://www.maxaroma.com/?s=3770014573209,https://www.walmart.com/search/?query=3770014573209,https://www.amazon.com/s?k=3770014573209,https://www.sephora.com/search?q=3770014573209,https://www.nordstrom.com/shop/search?q=3770014573209,https://www.macys.com/shop/search?q=3770014573209,https://www.ulta.com/search?keyword=3770014573209,https://www.beautytheshop.com/?s=3770014573209,https://50-ml.com/?s=3770014573209,https://mapleprime.com/?s=3770014573209,https://luxefora.com/?s=3770014573209,https://fandi-perfume.com/?s=3770014573209,https://parisgallery.ae/?s=3770014573209,https://elegancestyle.ae/?s=3770014573209,https://www.vperfumes.com/?s=3770014573209,https://www.alluringauras.com/?s=3770014573209,https://www.eshtir.com/?s=3770014573209
3701415901346,https://www.jomashop.com/?s=3701415901346,https://www.fragrancex.com/?s=3701415901346,https://www.fragrancenet.com/?s=3701415901346,https://www.maxaroma.com/?s=3701415901346,https://www.walmart.com/search/?query=3701415901346,https://www.amazon.com/s?k=3701415901346,https://www.sephora.com/search?q=3701415901346,https://www.nordstrom.com/shop/search?q=3701415901346,https://www.macys.com/shop/search?q=3701415901346,https://www.ulta.com/search?keyword=3701415901346,https://www.beautytheshop.com/?s=3701415901346,https://50-ml.com/?s=3701415901346,https://mapleprime.com/?s=3701415901346,https://luxefora.com/?s=3701415901346,https://fandi-perfume.com/?s=3701415901346,https://parisgallery.ae/?s=3701415901346,https://elegancestyle.ae/?s=3701415901346,https://www.vperfumes.com/?s=3701415901346,https://www.alluringauras.com/?s=3701415901346,https://www.eshtir.com/?s=3701415901346
3701415900066,https://www.jomashop.com/?s=3701415900066,https://www.fragrancex.com/?s=3701415900066,https://www.fragrancenet.com/?s=3701415900066,https://www.maxaroma.com/?s=3701415900066,https://www.walmart.com/search/?query=3701415900066,https://www.amazon.com/s?k=3701415900066,https://www.sephora.com/search?q=3701415900066,https://www.nordstrom.com/shop/search?q=3701415900066,https://www.macys.com/shop/search?q=3701415900066,https://www.ulta.com/search?keyword=3701415900066,https://www.beautytheshop.com/?s=3701415900066,https://50-ml.com/?s=3701415900066,https://mapleprime.com/?s=3701415900066,https://luxefora.com/?s=3701415900066,https://fandi-perfume.com/?s=3701415900066,https://parisgallery.ae/?s=3701415900066,https://elegancestyle.ae/?s=3701415900066,https://www.vperfumes.com/?s=3701415900066,https://www.alluringauras.com/?s=3701415900066,https://www.eshtir.com/?s=3701415900066
3701415900134,https://www.jomashop.com/?s=3701415900134,https://www.fragrancex.com/?s=3701415900134,https://www.fragrancenet.com/?s=3701415900134,https://www.maxaroma.com/?s=3701415900134,https://www.walmart.com/search/?query=3701415900134,https://www.amazon.com/s?k=3701415900134,https://www.sephora.com/search?q=3701415900134,https://www.nordstrom.com/shop/search?q=3701415900134,https://www.macys.com/shop/search?q=3701415900134,https://www.ulta.com/search?keyword=3701415900134,https://www.beautytheshop.com/?s=3701415900134,https://50-ml.com/?s=3701415900134,https://mapleprime.com/?s=3701415900134,https://luxefora.com/?s=3701415900134,https://fandi-perfume.com/?s=3701415900134,https://parisgallery.ae/?s=3701415900134,https://elegancestyle.ae/?s=3701415900134,https://www.vperfumes.com/?s=3701415900134,https://www.alluringauras.com/?s=3701415900134,https://www.eshtir.com/?s=3701415900134
3701415900035,https://www.jomashop.com/?s=3701415900035,https://www.fragrancex.com/?s=3701415900035,https://www.fragrancenet.com/?s=3701415900035,https://www.maxaroma.com/?s=3701415900035,https://www.walmart.com/search/?query=3701415900035,https://www.amazon.com/s?k=3701415900035,https://www.sephora.com/search?q=3701415900035,https://www.nordstrom.com/shop/search?q=3701415900035,https://www.macys.com/shop/search?q=3701415900035,https://www.ulta.com/search?keyword=3701415900035,https://www.beautytheshop.com/?s=3701415900035,https://50-ml.com/?s=3701415900035,https://mapleprime.com/?s=3701415900035,https://luxefora.com/?s=3701415900035,https://fandi-perfume.com/?s=3701415900035,https://parisgallery.ae/?s=3701415900035,https://elegancestyle.ae/?s=3701415900035,https://www.vperfumes.com/?s=3701415900035,https://www.alluringauras.com/?s=3701415900035,https://www.eshtir.com/?s=3701415900035
3701413900073,https://www.jomashop.com/?s=3701413900073,https://www.fragrancex.com/?s=3701413900073,https://www.fragrancenet.com/?s=3701413900073,https://www.maxaroma.com/?s=3701413900073,https://www.walmart.com/search/?query=3701413900073,https://www.amazon.com/s?k=3701413900073,https://www.sephora.com/search?q=3701413900073,https://www.nordstrom.com/shop/search?q=3701413900073,https://www.macys.com/shop/search?q=3701413900073,https://www.ulta.com/search?keyword=3701413900073,https://www.beautytheshop.com/?s=3701413900073,https://50-ml.com/?s=3701413900073,https://mapleprime.com/?s=3701413900073,https://luxefora.com/?s=3701413900073,https://fandi-perfume.com/?s=3701413900073,https://parisgallery.ae/?s=3701413900073,https://elegancestyle.ae/?s=3701413900073,https://www.vperfumes.com/?s=3701413900073,https://www.alluringauras.com/?s=3701413900073,https://www.eshtir.com/?s=3701413900073
3760310291235,https://www.jomashop.com/?s=3760310291235,https://www.fragrancex.com/?s=3760310291235,https://www.fragrancenet.com/?s=3760310291235,https://www.maxaroma.com/?s=3760310291235,https://www.walmart.com/search/?query=3760310291235,https://www.amazon.com/s?k=3760310291235,https://www.sephora.com/search?q=3760310291235,https://www.nordstrom.com/shop/search?q=3760310291235,https://www.macys.com/shop/search?q=3760310291235,https://www.ulta.com/search?keyword=3760310291235,https://www.beautytheshop.com/?s=3760310291235,https://50-ml.com/?s=3760310291235,https://mapleprime.com/?s=3760310291235,https://luxefora.com/?s=3760310291235,https://fandi-perfume.com/?s=3760310291235,https://parisgallery.ae/?s=3760310291235,https://elegancestyle.ae/?s=3760310291235,https://www.vperfumes.com/?s=3760310291235,https://www.alluringauras.com/?s=3760310291235,https://www.eshtir.com/?s=3760310291235
3760310291242,https://www.jomashop.com/?s=3760310291242,https://www.fragrancex.com/?s=3760310291242,https://www.fragrancenet.com/?s=3760310291242,https://www.maxaroma.com/?s=3760310291242,https://www.walmart.com/search/?query=3760310291242,https://www.amazon.com/s?k=3760310291242,https://www.sephora.com/search?q=3760310291242,https://www.nordstrom.com/shop/search?q=3760310291242,https://www.macys.com/shop/search?q=3760310291242,https://www.ulta.com/search?keyword=3760310291242,https://www.beautytheshop.com/?s=3760310291242,https://50-ml.com/?s=3760310291242,https://mapleprime.com/?s=3760310291242,https://luxefora.com/?s=3760310291242,https://fandi-perfume.com/?s=3760310291242,https://parisgallery.ae/?s=3760310291242,https://elegancestyle.ae/?s=3760310291242,https://www.vperfumes.com/?s=3760310291242,https://www.alluringauras.com/?s=3760310291242,https://www.eshtir.com/?s=3760310291242
3760310290252,https://www.jomashop.com/?s=3760310290252,https://www.fragrancex.com/?s=3760310290252,https://www.fragrancenet.com/?s=3760310290252,https://www.maxaroma.com/?s=3760310290252,https://www.walmart.com/search/?query=3760310290252,https://www.amazon.com/s?k=3760310290252,https://www.sephora.com/search?q=3760310290252,https://www.nordstrom.com/shop/search?q=3760310290252,https://www.macys.com/shop/search?q=3760310290252,https://www.ulta.com/search?keyword=3760310290252,https://www.beautytheshop.com/?s=3760310290252,https://50-ml.com/?s=3760310290252,https://mapleprime.com/?s=3760310290252,https://luxefora.com/?s=3760310290252,https://fandi-perfume.com/?s=3760310290252,https://parisgallery.ae/?s=3760310290252,https://elegancestyle.ae/?s=3760310290252,https://www.vperfumes.com/?s=3760310290252,https://www.alluringauras.com/?s=3760310290252,https://www.eshtir.com/?s=3760310290252
3760310291532,https://www.jomashop.com/?s=3760310291532,https://www.fragrancex.com/?s=3760310291532,https://www.fragrancenet.com/?s=3760310291532,https://www.maxaroma.com/?s=3760310291532,https://www.walmart.com/search/?query=3760310291532,https://www.amazon.com/s?k=3760310291532,https://www.sephora.com/search?q=3760310291532,https://www.nordstrom.com/shop/search?q=3760310291532,https://www.macys.com/shop/search?q=3760310291532,https://www.ulta.com/search?keyword=3760310291532,https://www.beautytheshop.com/?s=3760310291532,https://50-ml.com/?s=3760310291532,https://mapleprime.com/?s=3760310291532,https://luxefora.com/?s=3760310291532,https://fandi-perfume.com/?s=3760310291532,https://parisgallery.ae/?s=3760310291532,https://elegancestyle.ae/?s=3760310291532,https://www.vperfumes.com/?s=3760310291532,https://www.alluringauras.com/?s=3760310291532,https://www.eshtir.com/?s=3760310291532
627843352860,https://www.jomashop.com/?s=627843352860,https://www.fragrancex.com/?s=627843352860,https://www.fragrancenet.com/?s=627843352860,https://www.maxaroma.com/?s=627843352860,https://www.walmart.com/search/?query=627843352860,https://www.amazon.com/s?k=627843352860,https://www.sephora.com/search?q=627843352860,https://www.nordstrom.com/shop/search?q=627843352860,https://www.macys.com/shop/search?q=627843352860,https://www.ulta.com/search?keyword=627843352860,https://www.beautytheshop.com/?s=627843352860,https://50-ml.com/?s=627843352860,https://mapleprime.com/?s=627843352860,https://luxefora.com/?s=627843352860,https://fandi-perfume.com/?s=627843352860,https://parisgallery.ae/?s=627843352860,https://elegancestyle.ae/?s=627843352860,https://www.vperfumes.com/?s=627843352860,https://www.alluringauras.com/?s=627843352860,https://www.eshtir.com/?s=627843352860
3760310290009,https://www.jomashop.com/?s=3760310290009,https://www.fragrancex.com/?s=3760310290009,https://www.fragrancenet.com/?s=3760310290009,https://www.maxaroma.com/?s=3760310290009,https://www.walmart.com/search/?query=3760310290009,https://www.amazon.com/s?k=3760310290009,https://www.sephora.com/search?q=3760310290009,https://www.nordstrom.com/shop/search?q=3760310290009,https://www.macys.com/shop/search?q=3760310290009,https://www.ulta.com/search?keyword=3760310290009,https://www.beautytheshop.com/?s=3760310290009,https://50-ml.com/?s=3760310290009,https://mapleprime.com/?s=3760310290009,https://luxefora.com/?s=3760310290009,https://fandi-perfume.com/?s=3760310290009,https://parisgallery.ae/?s=3760310290009,https://elegancestyle.ae/?s=3760310290009,https://www.vperfumes.com/?s=3760310290009,https://www.alluringauras.com/?s=3760310290009,https://www.eshtir.com/?s=3760310290009
6291106039894,https://www.jomashop.com/?s=6291106039894,https://www.fragrancex.com/?s=6291106039894,https://www.fragrancenet.com/?s=6291106039894,https://www.maxaroma.com/?s=6291106039894,https://www.walmart.com/search/?query=6291106039894,https://www.amazon.com/s?k=6291106039894,https://www.sephora.com/search?q=6291106039894,https://www.nordstrom.com/shop/search?q=6291106039894,https://www.macys.com/shop/search?q=6291106039894,https://www.ulta.com/search?keyword=6291106039894,https://www.beautytheshop.com/?s=6291106039894,https://50-ml.com/?s=6291106039894,https://mapleprime.com/?s=6291106039894,https://luxefora.com/?s=6291106039894,https://fandi-perfume.com/?s=6291106039894,https://parisgallery.ae/?s=6291106039894,https://elegancestyle.ae/?s=6291106039894,https://www.vperfumes.com/?s=6291106039894,https://www.alluringauras.com/?s=6291106039894,https://www.eshtir.com/?s=6291106039894
6291107573120,https://www.jomashop.com/?s=6291107573120,https://www.fragrancex.com/?s=6291107573120,https://www.fragrancenet.com/?s=6291107573120,https://www.maxaroma.com/?s=6291107573120,https://www.walmart.com/search/?query=6291107573120,https://www.amazon.com/s?k=6291107573120,https://www.sephora.com/search?q=6291107573120,https://www.nordstrom.com/shop/search?q=6291107573120,https://www.macys.com/shop/search?q=6291107573120,https://www.ulta.com/search?keyword=6291107573120,https://www.beautytheshop.com/?s=6291107573120,https://50-ml.com/?s=6291107573120,https://mapleprime.com/?s=6291107573120,https://luxefora.com/?s=6291107573120,https://fandi-perfume.com/?s=6291107573120,https://parisgallery.ae/?s=6291107573120,https://elegancestyle.ae/?s=6291107573120,https://www.vperfumes.com/?s=6291107573120,https://www.alluringauras.com/?s=6291107573120,https://www.eshtir.com/?s=6291107573120
3760213761422,https://www.jomashop.com/?s=3760213761422,https://www.fragrancex.com/?s=3760213761422,https://www.fragrancenet.com/?s=3760213761422,https://www.maxaroma.com/?s=3760213761422,https://www.walmart.com/search/?query=3760213761422,https://www.amazon.com/s?k=3760213761422,https://www.sephora.com/search?q=3760213761422,https://www.nordstrom.com/shop/search?q=3760213761422,https://www.macys.com/shop/search?q=3760213761422,https://www.ulta.com/search?keyword=3760213761422,https://www.beautytheshop.com/?s=3760213761422,https://50-ml.com/?s=3760213761422,https://mapleprime.com/?s=3760213761422,https://luxefora.com/?s=3760213761422,https://fandi-perfume.com/?s=3760213761422,https://parisgallery.ae/?s=3760213761422,https://elegancestyle.ae/?s=3760213761422,https://www.vperfumes.com/?s=3760213761422,https://www.alluringauras.com/?s=3760213761422,https://www.eshtir.com/?s=3760213761422
3770007317186,https://www.jomashop.com/?s=3770007317186,https://www.fragrancex.com/?s=3770007317186,https://www.fragrancenet.com/?s=3770007317186,https://www.maxaroma.com/?s=3770007317186,https://www.walmart.com/search/?query=3770007317186,https://www.amazon.com/s?k=3770007317186,https://www.sephora.com/search?q=3770007317186,https://www.nordstrom.com/shop/search?q=3770007317186,https://www.macys.com/shop/search?q=3770007317186,https://www.ulta.com/search?keyword=3770007317186,https://www.beautytheshop.com/?s=3770007317186,https://50-ml.com/?s=3770007317186,https://mapleprime.com/?s=3770007317186,https://luxefora.com/?s=3770007317186,https://fandi-perfume.com/?s=3770007317186,https://parisgallery.ae/?s=3770007317186,https://elegancestyle.ae/?s=3770007317186,https://www.vperfumes.com/?s=3770007317186,https://www.alluringauras.com/?s=3770007317186,https://www.eshtir.com/?s=3770007317186
3423478837157,https://www.jomashop.com/?s=3423478837157,https://www.fragrancex.com/?s=3423478837157,https://www.fragrancenet.com/?s=3423478837157,https://www.maxaroma.com/?s=3423478837157,https://www.walmart.com/search/?query=3423478837157,https://www.amazon.com/s?k=3423478837157,https://www.sephora.com/search?q=3423478837157,https://www.nordstrom.com/shop/search?q=3423478837157,https://www.macys.com/shop/search?q=3423478837157,https://www.ulta.com/search?keyword=3423478837157,https://www.beautytheshop.com/?s=3423478837157,https://50-ml.com/?s=3423478837157,https://mapleprime.com/?s=3423478837157,https://luxefora.com/?s=3423478837157,https://fandi-perfume.com/?s=3423478837157,https://parisgallery.ae/?s=3423478837157,https://elegancestyle.ae/?s=3423478837157,https://www.vperfumes.com/?s=3423478837157,https://www.alluringauras.com/?s=3423478837157,https://www.eshtir.com/?s=3423478837157
8683608071522,https://www.jomashop.com/?s=8683608071522,https://www.fragrancex.com/?s=8683608071522,https://www.fragrancenet.com/?s=8683608071522,https://www.maxaroma.com/?s=8683608071522,https://www.walmart.com/search/?query=8683608071522,https://www.amazon.com/s?k=8683608071522,https://www.sephora.com/search?q=8683608071522,https://www.nordstrom.com/shop/search?q=8683608071522,https://www.macys.com/shop/search?q=8683608071522,https://www.ulta.com/search?keyword=8683608071522,https://www.beautytheshop.com/?s=8683608071522,https://50-ml.com/?s=8683608071522,https://mapleprime.com/?s=8683608071522,https://luxefora.com/?s=8683608071522,https://fandi-perfume.com/?s=8683608071522,https://parisgallery.ae/?s=8683608071522,https://elegancestyle.ae/?s=8683608071522,https://www.vperfumes.com/?s=8683608071522,https://www.alluringauras.com/?s=8683608071522,https://www.eshtir.com/?s=8683608071522
8681008055227,https://www.jomashop.com/?s=8681008055227,https://www.fragrancex.com/?s=8681008055227,https://www.fragrancenet.com/?s=8681008055227,https://www.maxaroma.com/?s=8681008055227,https://www.walmart.com/search/?query=8681008055227,https://www.amazon.com/s?k=8681008055227,https://www.sephora.com/search?q=8681008055227,https://www.nordstrom.com/shop/search?q=8681008055227,https://www.macys.com/shop/search?q=8681008055227,https://www.ulta.com/search?keyword=8681008055227,https://www.beautytheshop.com/?s=8681008055227,https://50-ml.com/?s=8681008055227,https://mapleprime.com/?s=8681008055227,https://luxefora.com/?s=8681008055227,https://fandi-perfume.com/?s=8681008055227,https://parisgallery.ae/?s=8681008055227,https://elegancestyle.ae/?s=8681008055227,https://www.vperfumes.com/?s=8681008055227,https://www.alluringauras.com/?s=8681008055227,https://www.eshtir.com/?s=8681008055227
793675017885,https://www.jomashop.com/?s=793675017885,https://www.fragrancex.com/?s=793675017885,https://www.fragrancenet.com/?s=793675017885,https://www.maxaroma.com/?s=793675017885,https://www.walmart.com/search/?query=793675017885,https://www.amazon.com/s?k=793675017885,https://www.sephora.com/search?q=793675017885,https://www.nordstrom.com/shop/search?q=793675017885,https://www.macys.com/shop/search?q=793675017885,https://www.ulta.com/search?keyword=793675017885,https://www.beautytheshop.com/?s=793675017885,https://50-ml.com/?s=793675017885,https://mapleprime.com/?s=793675017885,https://luxefora.com/?s=793675017885,https://fandi-perfume.com/?s=793675017885,https://parisgallery.ae/?s=793675017885,https://elegancestyle.ae/?s=793675017885,https://www.vperfumes.com/?s=793675017885,https://www.alluringauras.com/?s=793675017885,https://www.eshtir.com/?s=793675017885
5056245010811,https://www.jomashop.com/?s=5056245010811,https://www.fragrancex.com/?s=5056245010811,https://www.fragrancenet.com/?s=5056245010811,https://www.maxaroma.com/?s=5056245010811,https://www.walmart.com/search/?query=5056245010811,https://www.amazon.com/s?k=5056245010811,https://www.sephora.com/search?q=5056245010811,https://www.nordstrom.com/shop/search?q=5056245010811,https://www.macys.com/shop/search?q=5056245010811,https://www.ulta.com/search?keyword=5056245010811,https://www.beautytheshop.com/?s=5056245010811,https://50-ml.com/?s=5056245010811,https://mapleprime.com/?s=5056245010811,https://luxefora.com/?s=5056245010811,https://fandi-perfume.com/?s=5056245010811,https://parisgallery.ae/?s=5056245010811,https://elegancestyle.ae/?s=5056245010811,https://www.vperfumes.com/?s=5056245010811,https://www.alluringauras.com/?s=5056245010811,https://www.eshtir.com/?s=5056245010811
793675976076,https://www.jomashop.com/?s=793675976076,https://www.fragrancex.com/?s=793675976076,https://www.fragrancenet.com/?s=793675976076,https://www.maxaroma.com/?s=793675976076,https://www.walmart.com/search/?query=793675976076,https://www.amazon.com/s?k=793675976076,https://www.sephora.com/search?q=793675976076,https://www.nordstrom.com/shop/search?q=793675976076,https://www.macys.com/shop/search?q=793675976076,https://www.ulta.com/search?keyword=793675976076,https://www.beautytheshop.com/?s=793675976076,https://50-ml.com/?s=793675976076,https://mapleprime.com/?s=793675976076,https://luxefora.com/?s=793675976076,https://fandi-perfume.com/?s=793675976076,https://parisgallery.ae/?s=793675976076,https://elegancestyle.ae/?s=793675976076,https://www.vperfumes.com/?s=793675976076,https://www.alluringauras.com/?s=793675976076,https://www.eshtir.com/?s=793675976076
793675976106,https://www.jomashop.com/?s=793675976106,https://www.fragrancex.com/?s=793675976106,https://www.fragrancenet.com/?s=793675976106,https://www.maxaroma.com/?s=793675976106,https://www.walmart.com/search/?query=793675976106,https://www.amazon.com/s?k=793675976106,https://www.sephora.com/search?q=793675976106,https://www.nordstrom.com/shop/search?q=793675976106,https://www.macys.com/shop/search?q=793675976106,https://www.ulta.com/search?keyword=793675976106,https://www.beautytheshop.com/?s=793675976106,https://50-ml.com/?s=793675976106,https://mapleprime.com/?s=793675976106,https://luxefora.com/?s=793675976106,https://fandi-perfume.com/?s=793675976106,https://parisgallery.ae/?s=793675976106,https://elegancestyle.ae/?s=793675976106,https://www.vperfumes.com/?s=793675976106,https://www.alluringauras.com/?s=793675976106,https://www.eshtir.com/?s=793675976106
5056245021213,https://www.jomashop.com/?s=5056245021213,https://www.fragrancex.com/?s=5056245021213,https://www.fragrancenet.com/?s=5056245021213,https://www.maxaroma.com/?s=5056245021213,https://www.walmart.com/search/?query=5056245021213,https://www.amazon.com/s?k=5056245021213,https://www.sephora.com/search?q=5056245021213,https://www.nordstrom.com/shop/search?q=5056245021213,https://www.macys.com/shop/search?q=5056245021213,https://www.ulta.com/search?keyword=5056245021213,https://www.beautytheshop.com/?s=5056245021213,https://50-ml.com/?s=5056245021213,https://mapleprime.com/?s=5056245021213,https://luxefora.com/?s=5056245021213,https://fandi-perfume.com/?s=5056245021213,https://parisgallery.ae/?s=5056245021213,https://elegancestyle.ae/?s=5056245021213,https://www.vperfumes.com/?s=5056245021213,https://www.alluringauras.com/?s=5056245021213,https://www.eshtir.com/?s=5056245021213
8016741502620,https://www.jomashop.com/?s=8016741502620,https://www.fragrancex.com/?s=8016741502620,https://www.fragrancenet.com/?s=8016741502620,https://www.maxaroma.com/?s=8016741502620,https://www.walmart.com/search/?query=8016741502620,https://www.amazon.com/s?k=8016741502620,https://www.sephora.com/search?q=8016741502620,https://www.nordstrom.com/shop/search?q=8016741502620,https://www.macys.com/shop/search?q=8016741502620,https://www.ulta.com/search?keyword=8016741502620,https://www.beautytheshop.com/?s=8016741502620,https://50-ml.com/?s=8016741502620,https://mapleprime.com/?s=8016741502620,https://luxefora.com/?s=8016741502620,https://fandi-perfume.com/?s=8016741502620,https://parisgallery.ae/?s=8016741502620,https://elegancestyle.ae/?s=8016741502620,https://www.vperfumes.com/?s=8016741502620,https://www.alluringauras.com/?s=8016741502620,https://www.eshtir.com/?s=8016741502620
8016741992582,https://www.jomashop.com/?s=8016741992582,https://www.fragrancex.com/?s=8016741992582,https://www.fragrancenet.com/?s=8016741992582,https://www.maxaroma.com/?s=8016741992582,https://www.walmart.com/search/?query=8016741992582,https://www.amazon.com/s?k=8016741992582,https://www.sephora.com/search?q=8016741992582,https://www.nordstrom.com/shop/search?q=8016741992582,https://www.macys.com/shop/search?q=8016741992582,https://www.ulta.com/search?keyword=8016741992582,https://www.beautytheshop.com/?s=8016741992582,https://50-ml.com/?s=8016741992582,https://mapleprime.com/?s=8016741992582,https://luxefora.com/?s=8016741992582,https://fandi-perfume.com/?s=8016741992582,https://parisgallery.ae/?s=8016741992582,https://elegancestyle.ae/?s=8016741992582,https://www.vperfumes.com/?s=8016741992582,https://www.alluringauras.com/?s=8016741992582,https://www.eshtir.com/?s=8016741992582
3760298541162,https://www.jomashop.com/?s=3760298541162,https://www.fragrancex.com/?s=3760298541162,https://www.fragrancenet.com/?s=3760298541162,https://www.maxaroma.com/?s=3760298541162,https://www.walmart.com/search/?query=3760298541162,https://www.amazon.com/s?k=3760298541162,https://www.sephora.com/search?q=3760298541162,https://www.nordstrom.com/shop/search?q=3760298541162,https://www.macys.com/shop/search?q=3760298541162,https://www.ulta.com/search?keyword=3760298541162,https://www.beautytheshop.com/?s=3760298541162,https://50-ml.com/?s=3760298541162,https://mapleprime.com/?s=3760298541162,https://luxefora.com/?s=3760298541162,https://fandi-perfume.com/?s=3760298541162,https://parisgallery.ae/?s=3760298541162,https://elegancestyle.ae/?s=3760298541162,https://www.vperfumes.com/?s=3760298541162,https://www.alluringauras.com/?s=3760298541162,https://www.eshtir.com/?s=3760298541162
5056245000294,https://www.jomashop.com/?s=5056245000294,https://www.fragrancex.com/?s=5056245000294,https://www.fragrancenet.com/?s=5056245000294,https://www.maxaroma.com/?s=5056245000294,https://www.walmart.com/search/?query=5056245000294,https://www.amazon.com/s?k=5056245000294,https://www.sephora.com/search?q=5056245000294,https://www.nordstrom.com/shop/search?q=5056245000294,https://www.macys.com/shop/search?q=5056245000294,https://www.ulta.com/search?keyword=5056245000294,https://www.beautytheshop.com/?s=5056245000294,https://50-ml.com/?s=5056245000294,https://mapleprime.com/?s=5056245000294,https://luxefora.com/?s=5056245000294,https://fandi-perfume.com/?s=5056245000294,https://parisgallery.ae/?s=5056245000294,https://elegancestyle.ae/?s=5056245000294,https://www.vperfumes.com/?s=5056245000294,https://www.alluringauras.com/?s=5056245000294,https://www.eshtir.com/?s=5056245000294
793675976090,https://www.jomashop.com/?s=793675976090,https://www.fragrancex.com/?s=793675976090,https://www.fragrancenet.com/?s=793675976090,https://www.maxaroma.com/?s=793675976090,https://www.walmart.com/search/?query=793675976090,https://www.amazon.com/s?k=793675976090,https://www.sephora.com/search?q=793675976090,https://www.nordstrom.com/shop/search?q=793675976090,https://www.macys.com/shop/search?q=793675976090,https://www.ulta.com/search?keyword=793675976090,https://www.beautytheshop.com/?s=793675976090,https://50-ml.com/?s=793675976090,https://mapleprime.com/?s=793675976090,https://luxefora.com/?s=793675976090,https://fandi-perfume.com/?s=793675976090,https://parisgallery.ae/?s=793675976090,https://elegancestyle.ae/?s=793675976090,https://www.vperfumes.com/?s=793675976090,https://www.alluringauras.com/?s=793675976090,https://www.eshtir.com/?s=793675976090