{
  "version": "7",
  "dialect": "mysql",
  "entries": [
    {
      "idx": 0,
      "version": "5",
      "when": 1770171947112,
      "tag": "0000_acoustic_multiple_man",
      "breakpoints": true
    },
    {
      "idx": 1,
      "version": "5",
      "when": 1770172034151,
      "tag": "0001_bumpy_the_renegades",
      "breakpoints": true
    },
    {
      "idx": 2,
      "version": "5",
      "when": 1770173727701,
      "tag": "0002_amusing_speed_demon",
      "breakpoints": true
    },
    {
      "idx": 3,
      "version": "5",
      "when": 1770484985484,
      "tag": "0003_lame_sentinels",
      "breakpoints": true
    },
    {
      "idx": 4,
      "version": "5",
      "when": 1771000577093,
      "tag": "0004_hard_tigra",
      "breakpoints": true
    }
  ]
}